feature,importance
lankomumas_proc,0.12558618306337035
darbo_valandos,0.12041642945039562
dvyliktos_klases_vidurkis,0.11322225741786542
brandos_egzaminas_2,0.09633456394752091
miego_valandos,0.090834635041724
savarankisko_mokymosi_val,0.08246316118393729
finansinis_stresas,0.08125213173059405
brandos_egzaminas_3,0.07549056526085256
brandos_egzaminas_1,0.06692101421764556
socialiniu_tinklu_val,0.055400191189384114
studiju_vidurkis,0.05018461205329441
streso_lygis,0.041894255443415816
